"","id","count","correct","rt"
"1","p1",60,85,2392.46666666667
"2","p2",60,91.6666666666667,2563.78333333333
"3","p3",60,30,1299.05
"4","p4",60,61.6666666666667,1807.21666666667
"5","p5",60,81.6666666666667,2971.65
"6","p6",60,66.6666666666667,2118.85
"7","p7",60,76.6666666666667,2842.38333333333
"8","p8",60,55,1523.46666666667
"9","p9",60,78.3333333333333,1489.16666666667
"10","p10",60,93.3333333333333,1589.15
"11","p11",60,45,2565.31666666667
"12","p12",60,66.6666666666667,2597.36666666667
